Open,Close
55.490002,56.459999
55.299999,55.650002
55.220001,55.360001
